{
	"credit": "Made with Blockbench",
	"texture_size": [32, 32],
	"textures": {
		"8": "hat_textures/antenitas",
		"particle": "hat_textures/antenitas"
	},
	"elements": [
		{
			"name": "AO",
			"from": [3, 7, 8],
			"to": [4, 8, 9],
			"faces": {
				"north": {"uv": [6.5, 3, 7, 3.5], "texture": "#8"},
				"east": {"uv": [6.5, 3.5, 7, 4], "texture": "#8"},
				"south": {"uv": [4, 6.5, 4.5, 7], "texture": "#8"},
				"west": {"uv": [6.5, 4, 7, 4.5], "texture": "#8"},
				"up": {"uv": [5, 7, 4.5, 6.5], "texture": "#8"},
				"down": {"uv": [7, 4.5, 6.5, 5], "texture": "#8"}
			}
		},
		{
			"name": "AO",
			"from": [3, 10, 8],
			"to": [4, 11, 9],
			"faces": {
				"north": {"uv": [5, 6.5, 5.5, 7], "texture": "#8"},
				"east": {"uv": [6.5, 5, 7, 5.5], "texture": "#8"},
				"south": {"uv": [5.5, 6.5, 6, 7], "texture": "#8"},
				"west": {"uv": [6.5, 5.5, 7, 6], "texture": "#8"},
				"up": {"uv": [7, 6.5, 6.5, 6], "texture": "#8"},
				"down": {"uv": [7, 6.5, 6.5, 7], "texture": "#8"}
			}
		},
		{
			"name": "AO",
			"from": [12, 10, 8],
			"to": [13, 11, 9],
			"faces": {
				"north": {"uv": [0, 7, 0.5, 7.5], "texture": "#8"},
				"east": {"uv": [7, 0, 7.5, 0.5], "texture": "#8"},
				"south": {"uv": [0.5, 7, 1, 7.5], "texture": "#8"},
				"west": {"uv": [7, 0.5, 7.5, 1], "texture": "#8"},
				"up": {"uv": [1.5, 7.5, 1, 7], "texture": "#8"},
				"down": {"uv": [7.5, 1, 7, 1.5], "texture": "#8"}
			}
		},
		{
			"name": "AO",
			"from": [12, 7, 8],
			"to": [13, 8, 9],
			"faces": {
				"north": {"uv": [1.5, 7, 2, 7.5], "texture": "#8"},
				"east": {"uv": [7, 1.5, 7.5, 2], "texture": "#8"},
				"south": {"uv": [2, 7, 2.5, 7.5], "texture": "#8"},
				"west": {"uv": [7, 2, 7.5, 2.5], "texture": "#8"},
				"up": {"uv": [3, 7.5, 2.5, 7], "texture": "#8"},
				"down": {"uv": [7.5, 2.5, 7, 3], "texture": "#8"}
			}
		},
		{
			"name": "AO",
			"from": [10, 12, 8],
			"to": [11, 13, 9],
			"faces": {
				"north": {"uv": [3, 7, 3.5, 7.5], "texture": "#8"},
				"east": {"uv": [7, 3, 7.5, 3.5], "texture": "#8"},
				"south": {"uv": [3.5, 7, 4, 7.5], "texture": "#8"},
				"west": {"uv": [7, 3.5, 7.5, 4], "texture": "#8"},
				"up": {"uv": [4.5, 7.5, 4, 7], "texture": "#8"},
				"down": {"uv": [7.5, 4, 7, 4.5], "texture": "#8"}
			}
		},
		{
			"name": "AO",
			"from": [10, 14, 8],
			"to": [11, 15, 9],
			"faces": {
				"north": {"uv": [4.5, 7, 5, 7.5], "texture": "#8"},
				"east": {"uv": [7, 4.5, 7.5, 5], "texture": "#8"},
				"south": {"uv": [5, 7, 5.5, 7.5], "texture": "#8"},
				"west": {"uv": [7, 5, 7.5, 5.5], "texture": "#8"},
				"up": {"uv": [6, 7.5, 5.5, 7], "texture": "#8"},
				"down": {"uv": [7.5, 5.5, 7, 6], "texture": "#8"}
			}
		},
		{
			"name": "AO",
			"from": [5, 14, 8],
			"to": [6, 15, 9],
			"faces": {
				"north": {"uv": [6, 7, 6.5, 7.5], "texture": "#8"},
				"east": {"uv": [7, 6, 7.5, 6.5], "texture": "#8"},
				"south": {"uv": [6.5, 7, 7, 7.5], "texture": "#8"},
				"west": {"uv": [7, 6.5, 7.5, 7], "texture": "#8"},
				"up": {"uv": [7.5, 7.5, 7, 7], "texture": "#8"},
				"down": {"uv": [0.5, 7.5, 0, 8], "texture": "#8"}
			}
		},
		{
			"name": "AO",
			"from": [5, 12, 8],
			"to": [6, 13, 9],
			"faces": {
				"north": {"uv": [7.5, 0, 8, 0.5], "texture": "#8"},
				"east": {"uv": [0.5, 7.5, 1, 8], "texture": "#8"},
				"south": {"uv": [7.5, 0.5, 8, 1], "texture": "#8"},
				"west": {"uv": [1, 7.5, 1.5, 8], "texture": "#8"},
				"up": {"uv": [8, 1.5, 7.5, 1], "texture": "#8"},
				"down": {"uv": [2, 7.5, 1.5, 8], "texture": "#8"}
			}
		},
		{
			"name": "AC",
			"from": [2, 10, 8],
			"to": [3, 11, 9],
			"faces": {
				"north": {"uv": [7.5, 12, 8, 12.5], "texture": "#8"},
				"east": {"uv": [12, 7.5, 12.5, 8], "texture": "#8"},
				"south": {"uv": [8, 12, 8.5, 12.5], "texture": "#8"},
				"west": {"uv": [12, 8, 12.5, 8.5], "texture": "#8"},
				"up": {"uv": [9, 12.5, 8.5, 12], "texture": "#8"},
				"down": {"uv": [12.5, 8.5, 12, 9], "texture": "#8"}
			}
		},
		{
			"name": "AC",
			"from": [13, 10, 8],
			"to": [14, 11, 9],
			"faces": {
				"north": {"uv": [9, 12, 9.5, 12.5], "texture": "#8"},
				"east": {"uv": [12, 9, 12.5, 9.5], "texture": "#8"},
				"south": {"uv": [9.5, 12, 10, 12.5], "texture": "#8"},
				"west": {"uv": [12, 9.5, 12.5, 10], "texture": "#8"},
				"up": {"uv": [10.5, 12.5, 10, 12], "texture": "#8"},
				"down": {"uv": [12.5, 10, 12, 10.5], "texture": "#8"}
			}
		},
		{
			"name": "AC2",
			"from": [4, 16, 8],
			"to": [5, 17, 9],
			"faces": {
				"north": {"uv": [4.5, 12, 5, 12.5], "texture": "#8"},
				"east": {"uv": [12, 4.5, 12.5, 5], "texture": "#8"},
				"south": {"uv": [5, 12, 5.5, 12.5], "texture": "#8"},
				"west": {"uv": [12, 5, 12.5, 5.5], "texture": "#8"},
				"up": {"uv": [6, 12.5, 5.5, 12], "texture": "#8"},
				"down": {"uv": [12.5, 5.5, 12, 6], "texture": "#8"}
			}
		},
		{
			"name": "AC2",
			"from": [12, 16, 8],
			"to": [13, 17, 9],
			"faces": {
				"north": {"uv": [6, 12, 6.5, 12.5], "texture": "#8"},
				"east": {"uv": [12, 6, 12.5, 6.5], "texture": "#8"},
				"south": {"uv": [6.5, 12, 7, 12.5], "texture": "#8"},
				"west": {"uv": [12, 6.5, 12.5, 7], "texture": "#8"},
				"up": {"uv": [7.5, 12.5, 7, 12], "texture": "#8"},
				"down": {"uv": [12.5, 7, 12, 7.5], "texture": "#8"}
			}
		},
		{
			"name": "AC3",
			"from": [3, 18, 8],
			"to": [4, 19, 9],
			"faces": {
				"north": {"uv": [1.5, 12, 2, 12.5], "texture": "#8"},
				"east": {"uv": [12, 1.5, 12.5, 2], "texture": "#8"},
				"south": {"uv": [2, 12, 2.5, 12.5], "texture": "#8"},
				"west": {"uv": [12, 2, 12.5, 2.5], "texture": "#8"},
				"up": {"uv": [3, 12.5, 2.5, 12], "texture": "#8"},
				"down": {"uv": [12.5, 2.5, 12, 3], "texture": "#8"}
			}
		},
		{
			"name": "AC3",
			"from": [14, 17, 8],
			"to": [15, 18, 9],
			"faces": {
				"north": {"uv": [3, 12, 3.5, 12.5], "texture": "#8"},
				"east": {"uv": [12, 3, 12.5, 3.5], "texture": "#8"},
				"south": {"uv": [3.5, 12, 4, 12.5], "texture": "#8"},
				"west": {"uv": [12, 3.5, 12.5, 4], "texture": "#8"},
				"up": {"uv": [4.5, 12.5, 4, 12], "texture": "#8"},
				"down": {"uv": [12.5, 4, 12, 4.5], "texture": "#8"}
			}
		},
		{
			"name": "Negro",
			"from": [2, 18, 8],
			"to": [3, 19, 9],
			"faces": {
				"north": {"uv": [0.5, 11, 1, 11.5], "texture": "#8"},
				"east": {"uv": [11, 0.5, 11.5, 1], "texture": "#8"},
				"south": {"uv": [1, 11, 1.5, 11.5], "texture": "#8"},
				"west": {"uv": [11, 1, 11.5, 1.5], "texture": "#8"},
				"up": {"uv": [2, 11.5, 1.5, 11], "texture": "#8"},
				"down": {"uv": [11.5, 1.5, 11, 2], "texture": "#8"}
			}
		},
		{
			"name": "Negro",
			"from": [4, 18, 8],
			"to": [5, 19, 9],
			"faces": {
				"north": {"uv": [2, 11, 2.5, 11.5], "texture": "#8"},
				"east": {"uv": [11, 2, 11.5, 2.5], "texture": "#8"},
				"south": {"uv": [2.5, 11, 3, 11.5], "texture": "#8"},
				"west": {"uv": [11, 2.5, 11.5, 3], "texture": "#8"},
				"up": {"uv": [3.5, 11.5, 3, 11], "texture": "#8"},
				"down": {"uv": [11.5, 3, 11, 3.5], "texture": "#8"}
			}
		},
		{
			"name": "Negro",
			"from": [3, 19, 8],
			"to": [4, 20, 9],
			"faces": {
				"north": {"uv": [3.5, 11, 4, 11.5], "texture": "#8"},
				"east": {"uv": [11, 3.5, 11.5, 4], "texture": "#8"},
				"south": {"uv": [4, 11, 4.5, 11.5], "texture": "#8"},
				"west": {"uv": [11, 4, 11.5, 4.5], "texture": "#8"},
				"up": {"uv": [5, 11.5, 4.5, 11], "texture": "#8"},
				"down": {"uv": [11.5, 4.5, 11, 5], "texture": "#8"}
			}
		},
		{
			"name": "Negro",
			"from": [3, 17, 8],
			"to": [4, 18, 9],
			"faces": {
				"north": {"uv": [5, 11, 5.5, 11.5], "texture": "#8"},
				"east": {"uv": [11, 5, 11.5, 5.5], "texture": "#8"},
				"south": {"uv": [5.5, 11, 6, 11.5], "texture": "#8"},
				"west": {"uv": [11, 5.5, 11.5, 6], "texture": "#8"},
				"up": {"uv": [6.5, 11.5, 6, 11], "texture": "#8"},
				"down": {"uv": [11.5, 6, 11, 6.5], "texture": "#8"}
			}
		},
		{
			"name": "Negro",
			"from": [15, 17, 8],
			"to": [16, 18, 9],
			"faces": {
				"north": {"uv": [6.5, 11, 7, 11.5], "texture": "#8"},
				"east": {"uv": [11, 6.5, 11.5, 7], "texture": "#8"},
				"south": {"uv": [7, 11, 7.5, 11.5], "texture": "#8"},
				"west": {"uv": [11, 7, 11.5, 7.5], "texture": "#8"},
				"up": {"uv": [8, 11.5, 7.5, 11], "texture": "#8"},
				"down": {"uv": [11.5, 7.5, 11, 8], "texture": "#8"}
			}
		},
		{
			"name": "Negro",
			"from": [13, 17, 8],
			"to": [14, 18, 9],
			"faces": {
				"north": {"uv": [8, 11, 8.5, 11.5], "texture": "#8"},
				"east": {"uv": [11, 8, 11.5, 8.5], "texture": "#8"},
				"south": {"uv": [8.5, 11, 9, 11.5], "texture": "#8"},
				"west": {"uv": [11, 8.5, 11.5, 9], "texture": "#8"},
				"up": {"uv": [9.5, 11.5, 9, 11], "texture": "#8"},
				"down": {"uv": [11.5, 9, 11, 9.5], "texture": "#8"}
			}
		},
		{
			"name": "Negro",
			"from": [14, 18, 8],
			"to": [15, 19, 9],
			"faces": {
				"north": {"uv": [9.5, 11, 10, 11.5], "texture": "#8"},
				"east": {"uv": [11, 9.5, 11.5, 10], "texture": "#8"},
				"south": {"uv": [10, 11, 10.5, 11.5], "texture": "#8"},
				"west": {"uv": [11, 10, 11.5, 10.5], "texture": "#8"},
				"up": {"uv": [11, 11.5, 10.5, 11], "texture": "#8"},
				"down": {"uv": [11.5, 10.5, 11, 11], "texture": "#8"}
			}
		},
		{
			"name": "Negro",
			"from": [14, 16, 8],
			"to": [15, 17, 9],
			"faces": {
				"north": {"uv": [11, 11, 11.5, 11.5], "texture": "#8"},
				"east": {"uv": [0, 11.5, 0.5, 12], "texture": "#8"},
				"south": {"uv": [11.5, 0, 12, 0.5], "texture": "#8"},
				"west": {"uv": [0.5, 11.5, 1, 12], "texture": "#8"},
				"up": {"uv": [12, 1, 11.5, 0.5], "texture": "#8"},
				"down": {"uv": [1.5, 11.5, 1, 12], "texture": "#8"}
			}
		},
		{
			"name": "Negro",
			"from": [11, 15, 8],
			"to": [12, 16, 9],
			"faces": {
				"north": {"uv": [11.5, 1, 12, 1.5], "texture": "#8"},
				"east": {"uv": [1.5, 11.5, 2, 12], "texture": "#8"},
				"south": {"uv": [11.5, 1.5, 12, 2], "texture": "#8"},
				"west": {"uv": [2, 11.5, 2.5, 12], "texture": "#8"},
				"up": {"uv": [12, 2.5, 11.5, 2], "texture": "#8"},
				"down": {"uv": [3, 11.5, 2.5, 12], "texture": "#8"}
			}
		},
		{
			"name": "Negro",
			"from": [5, 15, 8],
			"to": [6, 16, 9],
			"faces": {
				"north": {"uv": [11.5, 2.5, 12, 3], "texture": "#8"},
				"east": {"uv": [3, 11.5, 3.5, 12], "texture": "#8"},
				"south": {"uv": [11.5, 3, 12, 3.5], "texture": "#8"},
				"west": {"uv": [3.5, 11.5, 4, 12], "texture": "#8"},
				"up": {"uv": [12, 4, 11.5, 3.5], "texture": "#8"},
				"down": {"uv": [4.5, 11.5, 4, 12], "texture": "#8"}
			}
		},
		{
			"name": "Negro",
			"from": [3, 6, 8],
			"to": [4, 7, 9],
			"faces": {
				"north": {"uv": [11.5, 4, 12, 4.5], "texture": "#8"},
				"east": {"uv": [4.5, 11.5, 5, 12], "texture": "#8"},
				"south": {"uv": [11.5, 4.5, 12, 5], "texture": "#8"},
				"west": {"uv": [5, 11.5, 5.5, 12], "texture": "#8"},
				"up": {"uv": [12, 5.5, 11.5, 5], "texture": "#8"},
				"down": {"uv": [6, 11.5, 5.5, 12], "texture": "#8"}
			}
		},
		{
			"name": "Negro",
			"from": [12, 6, 8],
			"to": [13, 7, 9],
			"faces": {
				"north": {"uv": [11.5, 5.5, 12, 6], "texture": "#8"},
				"east": {"uv": [6, 11.5, 6.5, 12], "texture": "#8"},
				"south": {"uv": [11.5, 6, 12, 6.5], "texture": "#8"},
				"west": {"uv": [6.5, 11.5, 7, 12], "texture": "#8"},
				"up": {"uv": [12, 7, 11.5, 6.5], "texture": "#8"},
				"down": {"uv": [7.5, 11.5, 7, 12], "texture": "#8"}
			}
		},
		{
			"name": "Negro",
			"from": [11, 5, 8],
			"to": [12, 6, 9],
			"faces": {
				"north": {"uv": [11.5, 7, 12, 7.5], "texture": "#8"},
				"east": {"uv": [7.5, 11.5, 8, 12], "texture": "#8"},
				"south": {"uv": [11.5, 7.5, 12, 8], "texture": "#8"},
				"west": {"uv": [8, 11.5, 8.5, 12], "texture": "#8"},
				"up": {"uv": [12, 8.5, 11.5, 8], "texture": "#8"},
				"down": {"uv": [9, 11.5, 8.5, 12], "texture": "#8"}
			}
		},
		{
			"name": "Negro",
			"from": [4, 5, 8],
			"to": [5, 6, 9],
			"faces": {
				"north": {"uv": [11.5, 8.5, 12, 9], "texture": "#8"},
				"east": {"uv": [9, 11.5, 9.5, 12], "texture": "#8"},
				"south": {"uv": [11.5, 9, 12, 9.5], "texture": "#8"},
				"west": {"uv": [9.5, 11.5, 10, 12], "texture": "#8"},
				"up": {"uv": [12, 10, 11.5, 9.5], "texture": "#8"},
				"down": {"uv": [10.5, 11.5, 10, 12], "texture": "#8"}
			}
		},
		{
			"name": "Negro",
			"from": [3, 8, 8],
			"to": [4, 10, 9],
			"faces": {
				"north": {"uv": [5.5, 3, 6, 4], "texture": "#8"},
				"east": {"uv": [4, 5.5, 4.5, 6.5], "texture": "#8"},
				"south": {"uv": [4.5, 5.5, 5, 6.5], "texture": "#8"},
				"west": {"uv": [5, 5.5, 5.5, 6.5], "texture": "#8"},
				"up": {"uv": [12, 10.5, 11.5, 10], "texture": "#8"},
				"down": {"uv": [11, 11.5, 10.5, 12], "texture": "#8"}
			}
		},
		{
			"name": "Negro",
			"from": [3, 8, 8],
			"to": [4, 10, 9],
			"faces": {
				"north": {"uv": [5.5, 5.5, 6, 6.5], "texture": "#8"},
				"east": {"uv": [0, 6, 0.5, 7], "texture": "#8"},
				"south": {"uv": [0.5, 6, 1, 7], "texture": "#8"},
				"west": {"uv": [1, 6, 1.5, 7], "texture": "#8"},
				"up": {"uv": [12, 11, 11.5, 10.5], "texture": "#8"},
				"down": {"uv": [11.5, 11.5, 11, 12], "texture": "#8"}
			}
		},
		{
			"name": "Negro",
			"from": [12, 8, 8],
			"to": [13, 10, 9],
			"faces": {
				"north": {"uv": [1.5, 6, 2, 7], "texture": "#8"},
				"east": {"uv": [2, 6, 2.5, 7], "texture": "#8"},
				"south": {"uv": [2.5, 6, 3, 7], "texture": "#8"},
				"west": {"uv": [3, 6, 3.5, 7], "texture": "#8"},
				"up": {"uv": [12, 11.5, 11.5, 11], "texture": "#8"},
				"down": {"uv": [12, 11.5, 11.5, 12], "texture": "#8"}
			}
		},
		{
			"name": "Negro",
			"from": [11, 10, 8],
			"to": [12, 12, 9],
			"faces": {
				"north": {"uv": [6, 3, 6.5, 4], "texture": "#8"},
				"east": {"uv": [3.5, 6, 4, 7], "texture": "#8"},
				"south": {"uv": [6, 4, 6.5, 5], "texture": "#8"},
				"west": {"uv": [6, 5, 6.5, 6], "texture": "#8"},
				"up": {"uv": [0.5, 12.5, 0, 12], "texture": "#8"},
				"down": {"uv": [12.5, 0, 12, 0.5], "texture": "#8"}
			}
		},
		{
			"name": "Negro",
			"from": [4, 10, 8],
			"to": [5, 12, 9],
			"faces": {
				"north": {"uv": [6, 6, 6.5, 7], "texture": "#8"},
				"east": {"uv": [6.5, 0, 7, 1], "texture": "#8"},
				"south": {"uv": [6.5, 1, 7, 2], "texture": "#8"},
				"west": {"uv": [6.5, 2, 7, 3], "texture": "#8"},
				"up": {"uv": [1, 12.5, 0.5, 12], "texture": "#8"},
				"down": {"uv": [12.5, 0.5, 12, 1], "texture": "#8"}
			}
		},
		{
			"name": "Negro",
			"from": [6, 13, 8],
			"to": [10, 14, 9],
			"faces": {
				"north": {"uv": [3, 4, 5, 4.5], "texture": "#8"},
				"east": {"uv": [1, 12, 1.5, 12.5], "texture": "#8"},
				"south": {"uv": [4.5, 0, 6.5, 0.5], "texture": "#8"},
				"west": {"uv": [12, 1, 12.5, 1.5], "texture": "#8"},
				"up": {"uv": [6.5, 1, 4.5, 0.5], "texture": "#8"},
				"down": {"uv": [6.5, 1, 4.5, 1.5], "texture": "#8"}
			}
		},
		{
			"name": "gris claro",
			"from": [5, 5, 8],
			"to": [6, 6, 9],
			"faces": {
				"north": {"uv": [9.5, 3.5, 10, 4], "texture": "#8"},
				"east": {"uv": [4, 9.5, 4.5, 10], "texture": "#8"},
				"south": {"uv": [9.5, 4, 10, 4.5], "texture": "#8"},
				"west": {"uv": [4.5, 9.5, 5, 10], "texture": "#8"},
				"up": {"uv": [10, 5, 9.5, 4.5], "texture": "#8"},
				"down": {"uv": [5.5, 9.5, 5, 10], "texture": "#8"}
			}
		},
		{
			"name": "gris claro",
			"from": [10, 5, 8],
			"to": [11, 6, 9],
			"faces": {
				"north": {"uv": [9.5, 5, 10, 5.5], "texture": "#8"},
				"east": {"uv": [5.5, 9.5, 6, 10], "texture": "#8"},
				"south": {"uv": [9.5, 5.5, 10, 6], "texture": "#8"},
				"west": {"uv": [6, 9.5, 6.5, 10], "texture": "#8"},
				"up": {"uv": [10, 6.5, 9.5, 6], "texture": "#8"},
				"down": {"uv": [7, 9.5, 6.5, 10], "texture": "#8"}
			}
		},
		{
			"name": "gris claro",
			"from": [10, 10, 8],
			"to": [11, 11, 9],
			"faces": {
				"north": {"uv": [9.5, 6.5, 10, 7], "texture": "#8"},
				"east": {"uv": [7, 9.5, 7.5, 10], "texture": "#8"},
				"south": {"uv": [9.5, 7, 10, 7.5], "texture": "#8"},
				"west": {"uv": [7.5, 9.5, 8, 10], "texture": "#8"},
				"up": {"uv": [10, 8, 9.5, 7.5], "texture": "#8"},
				"down": {"uv": [8.5, 9.5, 8, 10], "texture": "#8"}
			}
		},
		{
			"name": "gris claro",
			"from": [9, 11, 8],
			"to": [10, 12, 9],
			"faces": {
				"north": {"uv": [9.5, 8, 10, 8.5], "texture": "#8"},
				"east": {"uv": [8.5, 9.5, 9, 10], "texture": "#8"},
				"south": {"uv": [9.5, 8.5, 10, 9], "texture": "#8"},
				"west": {"uv": [9, 9.5, 9.5, 10], "texture": "#8"},
				"up": {"uv": [10, 9.5, 9.5, 9], "texture": "#8"},
				"down": {"uv": [10, 9.5, 9.5, 10], "texture": "#8"}
			}
		},
		{
			"name": "gris claro",
			"from": [6, 11, 8],
			"to": [7, 12, 9],
			"faces": {
				"north": {"uv": [0, 10, 0.5, 10.5], "texture": "#8"},
				"east": {"uv": [10, 0, 10.5, 0.5], "texture": "#8"},
				"south": {"uv": [0.5, 10, 1, 10.5], "texture": "#8"},
				"west": {"uv": [10, 0.5, 10.5, 1], "texture": "#8"},
				"up": {"uv": [1.5, 10.5, 1, 10], "texture": "#8"},
				"down": {"uv": [10.5, 1, 10, 1.5], "texture": "#8"}
			}
		},
		{
			"name": "gris claro",
			"from": [5, 10, 8],
			"to": [6, 11, 9],
			"faces": {
				"north": {"uv": [1.5, 10, 2, 10.5], "texture": "#8"},
				"east": {"uv": [10, 1.5, 10.5, 2], "texture": "#8"},
				"south": {"uv": [2, 10, 2.5, 10.5], "texture": "#8"},
				"west": {"uv": [10, 2, 10.5, 2.5], "texture": "#8"},
				"up": {"uv": [3, 10.5, 2.5, 10], "texture": "#8"},
				"down": {"uv": [10.5, 2.5, 10, 3], "texture": "#8"}
			}
		},
		{
			"name": "gris claro",
			"from": [5, 18, 8],
			"to": [6, 19, 9],
			"faces": {
				"north": {"uv": [3, 10, 3.5, 10.5], "texture": "#8"},
				"east": {"uv": [10, 3, 10.5, 3.5], "texture": "#8"},
				"south": {"uv": [3.5, 10, 4, 10.5], "texture": "#8"},
				"west": {"uv": [10, 3.5, 10.5, 4], "texture": "#8"},
				"up": {"uv": [4.5, 10.5, 4, 10], "texture": "#8"},
				"down": {"uv": [10.5, 4, 10, 4.5], "texture": "#8"}
			}
		},
		{
			"name": "gris claro",
			"from": [2, 19, 8],
			"to": [3, 20, 9],
			"faces": {
				"north": {"uv": [4.5, 10, 5, 10.5], "texture": "#8"},
				"east": {"uv": [10, 4.5, 10.5, 5], "texture": "#8"},
				"south": {"uv": [5, 10, 5.5, 10.5], "texture": "#8"},
				"west": {"uv": [10, 5, 10.5, 5.5], "texture": "#8"},
				"up": {"uv": [6, 10.5, 5.5, 10], "texture": "#8"},
				"down": {"uv": [10.5, 5.5, 10, 6], "texture": "#8"}
			}
		},
		{
			"name": "gris claro",
			"from": [3, 20, 8],
			"to": [4, 21, 9],
			"faces": {
				"north": {"uv": [6, 10, 6.5, 10.5], "texture": "#8"},
				"east": {"uv": [10, 6, 10.5, 6.5], "texture": "#8"},
				"south": {"uv": [6.5, 10, 7, 10.5], "texture": "#8"},
				"west": {"uv": [10, 6.5, 10.5, 7], "texture": "#8"},
				"up": {"uv": [7.5, 10.5, 7, 10], "texture": "#8"},
				"down": {"uv": [10.5, 7, 10, 7.5], "texture": "#8"}
			}
		},
		{
			"name": "gris claro",
			"from": [14, 19, 8],
			"to": [15, 20, 9],
			"faces": {
				"north": {"uv": [7.5, 10, 8, 10.5], "texture": "#8"},
				"east": {"uv": [10, 7.5, 10.5, 8], "texture": "#8"},
				"south": {"uv": [8, 10, 8.5, 10.5], "texture": "#8"},
				"west": {"uv": [10, 8, 10.5, 8.5], "texture": "#8"},
				"up": {"uv": [9, 10.5, 8.5, 10], "texture": "#8"},
				"down": {"uv": [10.5, 8.5, 10, 9], "texture": "#8"}
			}
		},
		{
			"name": "gris claro",
			"from": [15, 18, 8],
			"to": [16, 19, 9],
			"faces": {
				"north": {"uv": [9, 10, 9.5, 10.5], "texture": "#8"},
				"east": {"uv": [10, 9, 10.5, 9.5], "texture": "#8"},
				"south": {"uv": [9.5, 10, 10, 10.5], "texture": "#8"},
				"west": {"uv": [10, 9.5, 10.5, 10], "texture": "#8"},
				"up": {"uv": [10.5, 10.5, 10, 10], "texture": "#8"},
				"down": {"uv": [0.5, 10.5, 0, 11], "texture": "#8"}
			}
		},
		{
			"name": "gris claro",
			"from": [12, 17, 8],
			"to": [13, 18, 9],
			"faces": {
				"north": {"uv": [10.5, 0, 11, 0.5], "texture": "#8"},
				"east": {"uv": [0.5, 10.5, 1, 11], "texture": "#8"},
				"south": {"uv": [10.5, 0.5, 11, 1], "texture": "#8"},
				"west": {"uv": [1, 10.5, 1.5, 11], "texture": "#8"},
				"up": {"uv": [11, 1.5, 10.5, 1], "texture": "#8"},
				"down": {"uv": [2, 10.5, 1.5, 11], "texture": "#8"}
			}
		},
		{
			"name": "gris claro",
			"from": [11, 16, 8],
			"to": [12, 17, 9],
			"faces": {
				"north": {"uv": [10.5, 1.5, 11, 2], "texture": "#8"},
				"east": {"uv": [2, 10.5, 2.5, 11], "texture": "#8"},
				"south": {"uv": [10.5, 2, 11, 2.5], "texture": "#8"},
				"west": {"uv": [2.5, 10.5, 3, 11], "texture": "#8"},
				"up": {"uv": [11, 3, 10.5, 2.5], "texture": "#8"},
				"down": {"uv": [3.5, 10.5, 3, 11], "texture": "#8"}
			}
		},
		{
			"name": "gris claro",
			"from": [10, 15, 8],
			"to": [11, 16, 9],
			"faces": {
				"north": {"uv": [10.5, 3, 11, 3.5], "texture": "#8"},
				"east": {"uv": [3.5, 10.5, 4, 11], "texture": "#8"},
				"south": {"uv": [10.5, 3.5, 11, 4], "texture": "#8"},
				"west": {"uv": [4, 10.5, 4.5, 11], "texture": "#8"},
				"up": {"uv": [11, 4.5, 10.5, 4], "texture": "#8"},
				"down": {"uv": [5, 10.5, 4.5, 11], "texture": "#8"}
			}
		},
		{
			"name": "gris claro",
			"from": [13, 16, 8],
			"to": [14, 17, 9],
			"faces": {
				"north": {"uv": [10.5, 4.5, 11, 5], "texture": "#8"},
				"east": {"uv": [5, 10.5, 5.5, 11], "texture": "#8"},
				"south": {"uv": [10.5, 5, 11, 5.5], "texture": "#8"},
				"west": {"uv": [5.5, 10.5, 6, 11], "texture": "#8"},
				"up": {"uv": [11, 6, 10.5, 5.5], "texture": "#8"},
				"down": {"uv": [6.5, 10.5, 6, 11], "texture": "#8"}
			}
		},
		{
			"name": "gris claro",
			"from": [14, 15, 8],
			"to": [15, 16, 9],
			"faces": {
				"north": {"uv": [10.5, 6, 11, 6.5], "texture": "#8"},
				"east": {"uv": [6.5, 10.5, 7, 11], "texture": "#8"},
				"south": {"uv": [10.5, 6.5, 11, 7], "texture": "#8"},
				"west": {"uv": [7, 10.5, 7.5, 11], "texture": "#8"},
				"up": {"uv": [11, 7.5, 10.5, 7], "texture": "#8"},
				"down": {"uv": [8, 10.5, 7.5, 11], "texture": "#8"}
			}
		},
		{
			"name": "gris claro",
			"from": [12, 15, 8],
			"to": [13, 16, 9],
			"faces": {
				"north": {"uv": [10.5, 7.5, 11, 8], "texture": "#8"},
				"east": {"uv": [8, 10.5, 8.5, 11], "texture": "#8"},
				"south": {"uv": [10.5, 8, 11, 8.5], "texture": "#8"},
				"west": {"uv": [8.5, 10.5, 9, 11], "texture": "#8"},
				"up": {"uv": [11, 9, 10.5, 8.5], "texture": "#8"},
				"down": {"uv": [9.5, 10.5, 9, 11], "texture": "#8"}
			}
		},
		{
			"name": "gris claro",
			"from": [7, 12, 8],
			"to": [9, 13, 9],
			"faces": {
				"north": {"uv": [4.5, 3.5, 5.5, 4], "texture": "#8"},
				"east": {"uv": [10.5, 9, 11, 9.5], "texture": "#8"},
				"south": {"uv": [5, 4, 6, 4.5], "texture": "#8"},
				"west": {"uv": [9.5, 10.5, 10, 11], "texture": "#8"},
				"up": {"uv": [6, 5, 5, 4.5], "texture": "#8"},
				"down": {"uv": [6, 5, 5, 5.5], "texture": "#8"}
			}
		},
		{
			"name": "gris claro",
			"from": [7, 12, 8],
			"to": [9, 13, 9],
			"faces": {
				"north": {"uv": [5.5, 1.5, 6.5, 2], "texture": "#8"},
				"east": {"uv": [10.5, 9.5, 11, 10], "texture": "#8"},
				"south": {"uv": [5.5, 2, 6.5, 2.5], "texture": "#8"},
				"west": {"uv": [10, 10.5, 10.5, 11], "texture": "#8"},
				"up": {"uv": [6.5, 3, 5.5, 2.5], "texture": "#8"},
				"down": {"uv": [4, 5.5, 3, 6], "texture": "#8"}
			}
		},
		{
			"name": "gris claro",
			"from": [11, 6, 8],
			"to": [12, 10, 9],
			"faces": {
				"north": {"uv": [0, 4, 0.5, 6], "texture": "#8"},
				"east": {"uv": [4, 0, 4.5, 2], "texture": "#8"},
				"south": {"uv": [0.5, 4, 1, 6], "texture": "#8"},
				"west": {"uv": [1, 4, 1.5, 6], "texture": "#8"},
				"up": {"uv": [11, 10.5, 10.5, 10], "texture": "#8"},
				"down": {"uv": [11, 10.5, 10.5, 11], "texture": "#8"}
			}
		},
		{
			"name": "gris claro",
			"from": [4, 6, 8],
			"to": [5, 10, 9],
			"faces": {
				"north": {"uv": [1.5, 4, 2, 6], "texture": "#8"},
				"east": {"uv": [2, 4, 2.5, 6], "texture": "#8"},
				"south": {"uv": [4, 2, 4.5, 4], "texture": "#8"},
				"west": {"uv": [2.5, 4, 3, 6], "texture": "#8"},
				"up": {"uv": [0.5, 11.5, 0, 11], "texture": "#8"},
				"down": {"uv": [11.5, 0, 11, 0.5], "texture": "#8"}
			}
		},
		{
			"name": "gris oscuro",
			"from": [3, 5, 8],
			"to": [4, 6, 9],
			"faces": {
				"north": {"uv": [7.5, 1.5, 8, 2], "texture": "#8"},
				"east": {"uv": [2, 7.5, 2.5, 8], "texture": "#8"},
				"south": {"uv": [7.5, 2, 8, 2.5], "texture": "#8"},
				"west": {"uv": [2.5, 7.5, 3, 8], "texture": "#8"},
				"up": {"uv": [8, 3, 7.5, 2.5], "texture": "#8"},
				"down": {"uv": [3.5, 7.5, 3, 8], "texture": "#8"}
			}
		},
		{
			"name": "gris oscuro",
			"from": [12, 5, 8],
			"to": [13, 6, 9],
			"faces": {
				"north": {"uv": [7.5, 3, 8, 3.5], "texture": "#8"},
				"east": {"uv": [3.5, 7.5, 4, 8], "texture": "#8"},
				"south": {"uv": [7.5, 3.5, 8, 4], "texture": "#8"},
				"west": {"uv": [4, 7.5, 4.5, 8], "texture": "#8"},
				"up": {"uv": [8, 4.5, 7.5, 4], "texture": "#8"},
				"down": {"uv": [5, 7.5, 4.5, 8], "texture": "#8"}
			}
		},
		{
			"name": "gris oscuro",
			"from": [12, 11, 8],
			"to": [13, 12, 9],
			"faces": {
				"north": {"uv": [7.5, 4.5, 8, 5], "texture": "#8"},
				"east": {"uv": [5, 7.5, 5.5, 8], "texture": "#8"},
				"south": {"uv": [7.5, 5, 8, 5.5], "texture": "#8"},
				"west": {"uv": [5.5, 7.5, 6, 8], "texture": "#8"},
				"up": {"uv": [8, 6, 7.5, 5.5], "texture": "#8"},
				"down": {"uv": [6.5, 7.5, 6, 8], "texture": "#8"}
			}
		},
		{
			"name": "gris oscuro",
			"from": [10, 11, 8],
			"to": [11, 12, 9],
			"faces": {
				"north": {"uv": [7.5, 6, 8, 6.5], "texture": "#8"},
				"east": {"uv": [6.5, 7.5, 7, 8], "texture": "#8"},
				"south": {"uv": [7.5, 6.5, 8, 7], "texture": "#8"},
				"west": {"uv": [7, 7.5, 7.5, 8], "texture": "#8"},
				"up": {"uv": [8, 7.5, 7.5, 7], "texture": "#8"},
				"down": {"uv": [8, 7.5, 7.5, 8], "texture": "#8"}
			}
		},
		{
			"name": "gris oscuro",
			"from": [5, 11, 8],
			"to": [6, 12, 9],
			"faces": {
				"north": {"uv": [0, 8, 0.5, 8.5], "texture": "#8"},
				"east": {"uv": [8, 0, 8.5, 0.5], "texture": "#8"},
				"south": {"uv": [0.5, 8, 1, 8.5], "texture": "#8"},
				"west": {"uv": [8, 0.5, 8.5, 1], "texture": "#8"},
				"up": {"uv": [1.5, 8.5, 1, 8], "texture": "#8"},
				"down": {"uv": [8.5, 1, 8, 1.5], "texture": "#8"}
			}
		},
		{
			"name": "gris oscuro",
			"from": [3, 11, 8],
			"to": [4, 12, 9],
			"faces": {
				"north": {"uv": [1.5, 8, 2, 8.5], "texture": "#8"},
				"east": {"uv": [8, 1.5, 8.5, 2], "texture": "#8"},
				"south": {"uv": [2, 8, 2.5, 8.5], "texture": "#8"},
				"west": {"uv": [8, 2, 8.5, 2.5], "texture": "#8"},
				"up": {"uv": [3, 8.5, 2.5, 8], "texture": "#8"},
				"down": {"uv": [8.5, 2.5, 8, 3], "texture": "#8"}
			}
		},
		{
			"name": "gris oscuro",
			"from": [4, 12, 8],
			"to": [5, 13, 9],
			"faces": {
				"north": {"uv": [3, 8, 3.5, 8.5], "texture": "#8"},
				"east": {"uv": [8, 3, 8.5, 3.5], "texture": "#8"},
				"south": {"uv": [3.5, 8, 4, 8.5], "texture": "#8"},
				"west": {"uv": [8, 3.5, 8.5, 4], "texture": "#8"},
				"up": {"uv": [4.5, 8.5, 4, 8], "texture": "#8"},
				"down": {"uv": [8.5, 4, 8, 4.5], "texture": "#8"}
			}
		},
		{
			"name": "gris oscuro",
			"from": [6, 12, 8],
			"to": [7, 13, 9],
			"faces": {
				"north": {"uv": [4.5, 8, 5, 8.5], "texture": "#8"},
				"east": {"uv": [8, 4.5, 8.5, 5], "texture": "#8"},
				"south": {"uv": [5, 8, 5.5, 8.5], "texture": "#8"},
				"west": {"uv": [8, 5, 8.5, 5.5], "texture": "#8"},
				"up": {"uv": [6, 8.5, 5.5, 8], "texture": "#8"},
				"down": {"uv": [8.5, 5.5, 8, 6], "texture": "#8"}
			}
		},
		{
			"name": "gris oscuro",
			"from": [9, 12, 8],
			"to": [10, 13, 9],
			"faces": {
				"north": {"uv": [6, 8, 6.5, 8.5], "texture": "#8"},
				"east": {"uv": [8, 6, 8.5, 6.5], "texture": "#8"},
				"south": {"uv": [6.5, 8, 7, 8.5], "texture": "#8"},
				"west": {"uv": [8, 6.5, 8.5, 7], "texture": "#8"},
				"up": {"uv": [7.5, 8.5, 7, 8], "texture": "#8"},
				"down": {"uv": [8.5, 7, 8, 7.5], "texture": "#8"}
			}
		},
		{
			"name": "gris oscuro",
			"from": [11, 12, 8],
			"to": [12, 13, 9],
			"faces": {
				"north": {"uv": [7.5, 8, 8, 8.5], "texture": "#8"},
				"east": {"uv": [8, 7.5, 8.5, 8], "texture": "#8"},
				"south": {"uv": [8, 8, 8.5, 8.5], "texture": "#8"},
				"west": {"uv": [0, 8.5, 0.5, 9], "texture": "#8"},
				"up": {"uv": [9, 0.5, 8.5, 0], "texture": "#8"},
				"down": {"uv": [1, 8.5, 0.5, 9], "texture": "#8"}
			}
		},
		{
			"name": "gris oscuro",
			"from": [10, 13, 8],
			"to": [11, 14, 9],
			"faces": {
				"north": {"uv": [8.5, 0.5, 9, 1], "texture": "#8"},
				"east": {"uv": [1, 8.5, 1.5, 9], "texture": "#8"},
				"south": {"uv": [8.5, 1, 9, 1.5], "texture": "#8"},
				"west": {"uv": [1.5, 8.5, 2, 9], "texture": "#8"},
				"up": {"uv": [9, 2, 8.5, 1.5], "texture": "#8"},
				"down": {"uv": [2.5, 8.5, 2, 9], "texture": "#8"}
			}
		},
		{
			"name": "gris oscuro",
			"from": [5, 13, 8],
			"to": [6, 14, 9],
			"faces": {
				"north": {"uv": [8.5, 2, 9, 2.5], "texture": "#8"},
				"east": {"uv": [2.5, 8.5, 3, 9], "texture": "#8"},
				"south": {"uv": [8.5, 2.5, 9, 3], "texture": "#8"},
				"west": {"uv": [3, 8.5, 3.5, 9], "texture": "#8"},
				"up": {"uv": [9, 3.5, 8.5, 3], "texture": "#8"},
				"down": {"uv": [4, 8.5, 3.5, 9], "texture": "#8"}
			}
		},
		{
			"name": "gris oscuro",
			"from": [11, 14, 8],
			"to": [12, 15, 9],
			"faces": {
				"north": {"uv": [8.5, 3.5, 9, 4], "texture": "#8"},
				"east": {"uv": [4, 8.5, 4.5, 9], "texture": "#8"},
				"south": {"uv": [8.5, 4, 9, 4.5], "texture": "#8"},
				"west": {"uv": [4.5, 8.5, 5, 9], "texture": "#8"},
				"up": {"uv": [9, 5, 8.5, 4.5], "texture": "#8"},
				"down": {"uv": [5.5, 8.5, 5, 9], "texture": "#8"}
			}
		},
		{
			"name": "gris oscuro",
			"from": [9, 14, 8],
			"to": [10, 15, 9],
			"faces": {
				"north": {"uv": [8.5, 5, 9, 5.5], "texture": "#8"},
				"east": {"uv": [5.5, 8.5, 6, 9], "texture": "#8"},
				"south": {"uv": [8.5, 5.5, 9, 6], "texture": "#8"},
				"west": {"uv": [6, 8.5, 6.5, 9], "texture": "#8"},
				"up": {"uv": [9, 6.5, 8.5, 6], "texture": "#8"},
				"down": {"uv": [7, 8.5, 6.5, 9], "texture": "#8"}
			}
		},
		{
			"name": "gris oscuro",
			"from": [15, 16, 8],
			"to": [16, 17, 9],
			"faces": {
				"north": {"uv": [8.5, 6.5, 9, 7], "texture": "#8"},
				"east": {"uv": [7, 8.5, 7.5, 9], "texture": "#8"},
				"south": {"uv": [8.5, 7, 9, 7.5], "texture": "#8"},
				"west": {"uv": [7.5, 8.5, 8, 9], "texture": "#8"},
				"up": {"uv": [9, 8, 8.5, 7.5], "texture": "#8"},
				"down": {"uv": [8.5, 8.5, 8, 9], "texture": "#8"}
			}
		},
		{
			"name": "gris oscuro",
			"from": [13, 18, 8],
			"to": [14, 19, 9],
			"faces": {
				"north": {"uv": [8.5, 8, 9, 8.5], "texture": "#8"},
				"east": {"uv": [8.5, 8.5, 9, 9], "texture": "#8"},
				"south": {"uv": [0, 9, 0.5, 9.5], "texture": "#8"},
				"west": {"uv": [9, 0, 9.5, 0.5], "texture": "#8"},
				"up": {"uv": [1, 9.5, 0.5, 9], "texture": "#8"},
				"down": {"uv": [9.5, 0.5, 9, 1], "texture": "#8"}
			}
		},
		{
			"name": "gris oscuro",
			"from": [4, 19, 8],
			"to": [5, 20, 9],
			"faces": {
				"north": {"uv": [1, 9, 1.5, 9.5], "texture": "#8"},
				"east": {"uv": [9, 1, 9.5, 1.5], "texture": "#8"},
				"south": {"uv": [1.5, 9, 2, 9.5], "texture": "#8"},
				"west": {"uv": [9, 1.5, 9.5, 2], "texture": "#8"},
				"up": {"uv": [2.5, 9.5, 2, 9], "texture": "#8"},
				"down": {"uv": [9.5, 2, 9, 2.5], "texture": "#8"}
			}
		},
		{
			"name": "gris oscuro",
			"from": [1, 18, 8],
			"to": [2, 19, 9],
			"faces": {
				"north": {"uv": [2.5, 9, 3, 9.5], "texture": "#8"},
				"east": {"uv": [9, 2.5, 9.5, 3], "texture": "#8"},
				"south": {"uv": [3, 9, 3.5, 9.5], "texture": "#8"},
				"west": {"uv": [9, 3, 9.5, 3.5], "texture": "#8"},
				"up": {"uv": [4, 9.5, 3.5, 9], "texture": "#8"},
				"down": {"uv": [9.5, 3.5, 9, 4], "texture": "#8"}
			}
		},
		{
			"name": "gris oscuro",
			"from": [2, 17, 8],
			"to": [3, 18, 9],
			"faces": {
				"north": {"uv": [4, 9, 4.5, 9.5], "texture": "#8"},
				"east": {"uv": [9, 4, 9.5, 4.5], "texture": "#8"},
				"south": {"uv": [4.5, 9, 5, 9.5], "texture": "#8"},
				"west": {"uv": [9, 4.5, 9.5, 5], "texture": "#8"},
				"up": {"uv": [5.5, 9.5, 5, 9], "texture": "#8"},
				"down": {"uv": [9.5, 5, 9, 5.5], "texture": "#8"}
			}
		},
		{
			"name": "gris oscuro",
			"from": [4, 17, 8],
			"to": [5, 18, 9],
			"faces": {
				"north": {"uv": [5.5, 9, 6, 9.5], "texture": "#8"},
				"east": {"uv": [9, 5.5, 9.5, 6], "texture": "#8"},
				"south": {"uv": [6, 9, 6.5, 9.5], "texture": "#8"},
				"west": {"uv": [9, 6, 9.5, 6.5], "texture": "#8"},
				"up": {"uv": [7, 9.5, 6.5, 9], "texture": "#8"},
				"down": {"uv": [9.5, 6.5, 9, 7], "texture": "#8"}
			}
		},
		{
			"name": "gris oscuro",
			"from": [5, 16, 8],
			"to": [6, 17, 9],
			"faces": {
				"north": {"uv": [7, 9, 7.5, 9.5], "texture": "#8"},
				"east": {"uv": [9, 7, 9.5, 7.5], "texture": "#8"},
				"south": {"uv": [7.5, 9, 8, 9.5], "texture": "#8"},
				"west": {"uv": [9, 7.5, 9.5, 8], "texture": "#8"},
				"up": {"uv": [8.5, 9.5, 8, 9], "texture": "#8"},
				"down": {"uv": [9.5, 8, 9, 8.5], "texture": "#8"}
			}
		},
		{
			"name": "gris oscuro",
			"from": [3, 16, 8],
			"to": [4, 17, 9],
			"faces": {
				"north": {"uv": [8.5, 9, 9, 9.5], "texture": "#8"},
				"east": {"uv": [9, 8.5, 9.5, 9], "texture": "#8"},
				"south": {"uv": [9, 9, 9.5, 9.5], "texture": "#8"},
				"west": {"uv": [0, 9.5, 0.5, 10], "texture": "#8"},
				"up": {"uv": [10, 0.5, 9.5, 0], "texture": "#8"},
				"down": {"uv": [1, 9.5, 0.5, 10], "texture": "#8"}
			}
		},
		{
			"name": "gris oscuro",
			"from": [6, 14, 8],
			"to": [7, 16, 9],
			"faces": {
				"north": {"uv": [4.5, 1.5, 5, 2.5], "texture": "#8"},
				"east": {"uv": [4.5, 2.5, 5, 3.5], "texture": "#8"},
				"south": {"uv": [3, 4.5, 3.5, 5.5], "texture": "#8"},
				"west": {"uv": [3.5, 4.5, 4, 5.5], "texture": "#8"},
				"up": {"uv": [10, 1, 9.5, 0.5], "texture": "#8"},
				"down": {"uv": [1.5, 9.5, 1, 10], "texture": "#8"}
			}
		},
		{
			"name": "gris oscuro",
			"from": [4, 14, 8],
			"to": [5, 16, 9],
			"faces": {
				"north": {"uv": [4, 4.5, 4.5, 5.5], "texture": "#8"},
				"east": {"uv": [4.5, 4.5, 5, 5.5], "texture": "#8"},
				"south": {"uv": [5, 1.5, 5.5, 2.5], "texture": "#8"},
				"west": {"uv": [5, 2.5, 5.5, 3.5], "texture": "#8"},
				"up": {"uv": [10, 1.5, 9.5, 1], "texture": "#8"},
				"down": {"uv": [2, 9.5, 1.5, 10], "texture": "#8"}
			}
		},
		{
			"name": "gris oscuro",
			"from": [2, 6, 8],
			"to": [3, 10, 9],
			"faces": {
				"north": {"uv": [0, 0, 0.5, 2], "texture": "#8"},
				"east": {"uv": [0.5, 0, 1, 2], "texture": "#8"},
				"south": {"uv": [1, 0, 1.5, 2], "texture": "#8"},
				"west": {"uv": [1.5, 0, 2, 2], "texture": "#8"},
				"up": {"uv": [10, 2, 9.5, 1.5], "texture": "#8"},
				"down": {"uv": [2.5, 9.5, 2, 10], "texture": "#8"}
			}
		},
		{
			"name": "gris oscuro",
			"from": [2, 6, 8],
			"to": [3, 10, 9],
			"faces": {
				"north": {"uv": [0, 2, 0.5, 4], "texture": "#8"},
				"east": {"uv": [2, 0, 2.5, 2], "texture": "#8"},
				"south": {"uv": [0.5, 2, 1, 4], "texture": "#8"},
				"west": {"uv": [1, 2, 1.5, 4], "texture": "#8"},
				"up": {"uv": [10, 2.5, 9.5, 2], "texture": "#8"},
				"down": {"uv": [3, 9.5, 2.5, 10], "texture": "#8"}
			}
		},
		{
			"name": "gris oscuro",
			"from": [13, 6, 8],
			"to": [14, 10, 9],
			"faces": {
				"north": {"uv": [1.5, 2, 2, 4], "texture": "#8"},
				"east": {"uv": [2, 2, 2.5, 4], "texture": "#8"},
				"south": {"uv": [2.5, 0, 3, 2], "texture": "#8"},
				"west": {"uv": [2.5, 2, 3, 4], "texture": "#8"},
				"up": {"uv": [10, 3, 9.5, 2.5], "texture": "#8"},
				"down": {"uv": [3.5, 9.5, 3, 10], "texture": "#8"}
			}
		},
		{
			"name": "gris oscuro",
			"from": [2, 6, 8],
			"to": [3, 10, 9],
			"faces": {
				"north": {"uv": [3, 0, 3.5, 2], "texture": "#8"},
				"east": {"uv": [3, 2, 3.5, 4], "texture": "#8"},
				"south": {"uv": [3.5, 0, 4, 2], "texture": "#8"},
				"west": {"uv": [3.5, 2, 4, 4], "texture": "#8"},
				"up": {"uv": [10, 3.5, 9.5, 3], "texture": "#8"},
				"down": {"uv": [4, 9.5, 3.5, 10], "texture": "#8"}
			}
		}
	],
	"display": {
		"thirdperson_righthand": {
			"rotation": [53.28, 66.39, 7.4],
			"translation": [0, 1.25, 0],
			"scale": [0.375, 0.375, 0.375]
		},
		"thirdperson_lefthand": {
			"rotation": [96.82, 79.14, -23.59],
			"translation": [0, 1.5, 0.5],
			"scale": [0.375, 0.375, 0.375]
		},
		"firstperson_righthand": {
			"rotation": [-180, 75.5, -180],
			"scale": [0.4, 0.4, 0.4]
		},
		"firstperson_lefthand": {
			"rotation": [-180, -89.75, -180],
			"scale": [0.4, 0.4, 0.4]
		},
		"ground": {
			"translation": [0, -1.75, 0],
			"scale": [0.58, 0.58, 0.58]
		},
		"gui": {
			"translation": [-0.5, -5, 0]
		},
		"head": {
			"translation": [0, -0.75, 0],
			"scale": [1.79, 1.79, 1.79]
		},
		"fixed": {
			"translation": [-0.75, -5.25, -1]
		}
	},
	"groups": [
		{
			"name": "Kbeciña y anteñiñas",
			"origin": [8, 8, 8],
			"color": 0,
			"children": []
		},
		{
			"name": "Amarillo obscuro",
			"origin": [8, 8, 8],
			"color": 1,
			"children": [0, 1, 2, 3, 4, 5, 6, 7]
		},
		{
			"name": "Amarillo claro",
			"origin": [8, 8, 8],
			"color": 0,
			"children": [8, 9]
		},
		{
			"name": "Amarillo claro 2",
			"origin": [8, 8, 8],
			"color": 0,
			"children": [10, 11]
		},
		{
			"name": "Amarillo claro 3",
			"origin": [8, 8, 8],
			"color": 0,
			"children": [12, 13]
		},
		{
			"name": "Negro",
			"origin": [8, 8, 8],
			"color": 0,
			"children": [14, 15, 16, 17, 18, 19, 20, 21, 22, 23, 24, 25, 26, 27, 28, 29, 30, 31, 32, 33]
		},
		{
			"name": "Gris claro",
			"origin": [8, 8, 8],
			"color": 0,
			"children": [34, 35, 36, 37, 38, 39, 40, 41, 42, 43, 44, 45, 46, 47, 48, 49, 50, 51, 52, 53, 54]
		},
		{
			"name": "Gris oscuro",
			"origin": [8, 8, 8],
			"color": 0,
			"children": [55, 56, 57, 58, 59, 60, 61, 62, 63, 64, 65, 66, 67, 68, 69, 70, 71, 72, 73, 74, 75, 76, 77, 78, 79, 80, 81, 82]
		}
	]
}